epoch,steps,cosine_pearson,cosine_spearman
1.0,1,0.9217497972184223,0.8944271909999159
2.0,2,0.9217497972184223,0.8944271909999159
